<?xml version="1.0" encoding="UTF-8"?><uml:Model xmlns:uml="http://www.eclipse.org/uml2/1.0.0/UML" name="Use Case Model" xmlns:publish="http://www.ibm.com/Rational/XTools/Publish" publish:diagramFormat="PNG" publish:icon="1896156715_icon.png" publish:modelname="Use Case Model" publish:profiles="Standard, Default, Deployment" publish:qualifiedname="Use Case Model" publish:sortOrder="alphabetical" publish:toplevelguid="_.t9.t5IIG.bE.e.u91.b1.jP.c.yWQ.g" xmlns:xmi="http://www.omg.org/XMI" xmi:id="_.t9.t5IIG.bE.e.u91.b1.jP.c.yWQ.g" xmi:version="2.0" xmlns:com.ibm.xtools.notation="http:///com/ibm/xtools/notation.ecore" xmlns:xsi="http://www.w3.org/2001/XMLSchema-instance" xsi:type="uml:Model"><publish:properties><publish:property canonicalName="Alias" name="Alias" publish:category="UML"/><publish:property canonicalName="Stereotype" name="Estereotipo" publish:category="UML"/><publish:property canonicalName="name" name="Name" publish:category="UML" publish:value="Use Case Model"/><publish:property canonicalName="nameExpression" name="Name Expression" publish:category="UML"/><publish:property canonicalName="namespace" name="Namespace" publish:category="UML"/><publish:property canonicalName="nestingPackage" name="Nesting Package" publish:category="UML"/><publish:property canonicalName="ownedTemplateSignature" name="Owned Template Signature" publish:category="UML"/><publish:property canonicalName="owner" name="Owner" publish:category="UML"/><publish:property canonicalName="owningTemplateParameter" name="Owning Template Parameter" publish:category="UML"/><publish:property canonicalName="Keywords" name="Palabras clave" publish:category="UML"/><publish:property canonicalName="qualifiedName" name="Qualified Name" publish:category="UML" publish:value="Use Case Model"/><publish:property canonicalName="templateParameter" name="Template Parameter" publish:category="UML"/><publish:property canonicalName="viewpoint" name="Viewpoint" publish:category="UML"/><publish:property canonicalName="visibility" name="Visibility" publish:category="UML" publish:value="Public"/></publish:properties><appliedProfiles><profile name="Standard" visibility="public"/><profile name="Default" visibility="public"/><profile name="Deployment" visibility="public"/></appliedProfiles><contents Type="Freeform" isDefault="true" name="${project} Use Case Overview" publish:icon="-1945825690_icon.png" publish:imageType="PNG" publish:qualifiedname="Use Case Model::${project} Use Case Overview" xmi:id="_.t9.t5I.oG.bE.e.u91.b1.jP.c.yWQ.g" xsi:type="notation:Diagram"><publish:properties><publish:property canonicalName="pageHeight" name="Altura de página" publish:category="Ver" publish:value="100"/><publish:property canonicalName="pageWidth" name="Anchura de página" publish:category="Ver" publish:value="100"/><publish:property canonicalName="description" name="Descripción" publish:category="Ver"/><publish:property canonicalName="linkLayout" name="Diseño de enlace" publish:category="Ver" publish:value="Ninguno"/><publish:property canonicalName="labelLayout" name="Diseño de etiqueta" publish:category="Ver" publish:value="Ninguno"/><publish:property canonicalName="graphLayout" name="Diseño de gráfico" publish:category="Ver" publish:value="VerticalOrtogonalJerárquico"/><publish:property canonicalName="styles" name="Estilos" publish:category="Ver"/><publish:property canonicalName="name" name="Nombre" publish:category="Ver" publish:value="${project} Use Case Overview"/><publish:property canonicalName="pageX" name="Página X" publish:category="Ver" publish:value="0"/><publish:property canonicalName="pageY" name="Página Y" publish:category="Ver" publish:value="0"/><publish:property canonicalName="measurementUnit" name="Unidad de medida" publish:category="Ver" publish:value="Himetric"/><publish:property canonicalName="useAliasName" name="Utilizar nombre de alias" publish:category="Ver" publish:value="false"/></publish:properties><publish:partInfo name="Salmentak" publish:ismodellink="false" publish:partLowerX="222" publish:partLowerY="197" publish:partUpperX="139" publish:partUpperY="186" shape="rect" xmi:id="_1R.qA0IG.bE.e.u91.b1.jP.c.yWQ.g"/><publish:partInfo name="Salmentak" publish:ismodellink="false" publish:partLowerX="229" publish:partLowerY="205" publish:partUpperX="135" publish:partUpperY="147" shape="rect" xmi:id="_1R.qA0IG.bE.e.u91.b1.jP.c.yWQ.g"/><publish:partInfo name="Versatile Actors" publish:ismodellink="false" publish:partLowerX="627" publish:partLowerY="113" publish:partUpperX="15" publish:partUpperY="97" shape="rect" xmi:id="_.t9.t5.n4G.bE.e.u91.b1.jP.c.yWQ.g"/><publish:partInfo name="Versatile Actors" publish:ismodellink="false" publish:partLowerX="627" publish:partLowerY="92" publish:partUpperX="15" publish:partUpperY="76" shape="rect" xmi:id="_.t9.t5.n4G.bE.e.u91.b1.jP.c.yWQ.g"/><publish:partInfo name="Versatile Actors" publish:ismodellink="false" publish:partLowerX="633" publish:partLowerY="120" publish:partUpperX="9" publish:partUpperY="70" shape="rect" xmi:id="_.t9.t5.n4G.bE.e.u91.b1.jP.c.yWQ.g"/></contents><contents Type="Class" isDefault="false" name="Instructions" publish:icon="1980042712_icon.png" publish:imageType="PNG" publish:qualifiedname="Use Case Model::Instructions" xmi:id="_.t9.t5M4G.bE.e.u91.b1.jP.c.yWQ.g" xsi:type="notation:Diagram"><publish:properties><publish:property canonicalName="pageHeight" name="Altura de página" publish:category="Ver" publish:value="100"/><publish:property canonicalName="pageWidth" name="Anchura de página" publish:category="Ver" publish:value="100"/><publish:property canonicalName="description" name="Descripción" publish:category="Ver"/><publish:property canonicalName="linkLayout" name="Diseño de enlace" publish:category="Ver" publish:value="Ninguno"/><publish:property canonicalName="labelLayout" name="Diseño de etiqueta" publish:category="Ver" publish:value="Ninguno"/><publish:property canonicalName="graphLayout" name="Diseño de gráfico" publish:category="Ver" publish:value="VerticalOrtogonalJerárquico"/><publish:property canonicalName="styles" name="Estilos" publish:category="Ver"/><publish:property canonicalName="name" name="Nombre" publish:category="Ver" publish:value="Instructions"/><publish:property canonicalName="pageX" name="Página X" publish:category="Ver" publish:value="0"/><publish:property canonicalName="pageY" name="Página Y" publish:category="Ver" publish:value="0"/><publish:property canonicalName="measurementUnit" name="Unidad de medida" publish:category="Ver" publish:value="Himetric"/><publish:property canonicalName="useAliasName" name="Utilizar nombre de alias" publish:category="Ver" publish:value="false"/></publish:properties></contents><packageImport name="&lt;PackageImport sin nombre&gt;" publish:icon="1376062887_icon.png" publish:qualifiedname="Use Case Model::&lt;PackageImport&gt;" xmi:id="_.t9.t5VIG.bE.e.u91.b1.jP.c.yWQ.g" xsi:type="uml:PackageImport"><publish:properties><publish:property canonicalName="Stereotype" name="Estereotipo" publish:category="UML"/><publish:property canonicalName="importedPackage" name="Imported Package" publish:category="UML" publish:value="«modelLibrary» UMLPrimitiveTypes"/><publish:property canonicalName="importingNamespace" name="Importing Namespace" publish:category="UML" publish:ismodellink="true" publish:value="Use Case Model" xmi:id="_.t9.t5IIG.bE.e.u91.b1.jP.c.yWQ.g"/><publish:property canonicalName="owner" name="Owner" publish:category="UML" publish:ismodellink="true" publish:value="Use Case Model" xmi:id="_.t9.t5IIG.bE.e.u91.b1.jP.c.yWQ.g"/><publish:property canonicalName="Keywords" name="Palabras clave" publish:category="UML"/><publish:property canonicalName="visibility" name="Visibility" publish:category="UML" publish:value="Public"/></publish:properties></packageImport></uml:Model>