<?xml version="1.0" encoding="UTF-8"?><publish:elements xmlns:publish="http://www.ibm.com/Rational/XTools/Publish" xmlns:xmi="http://www.omg.org/XMI" xmlns:xsi="http://www.w3.org/2001/XMLSchema-instance"><publish:element name="Saioa hasi" publish:icon="621088842_icon.png" publish:qualifiedname="Use Case Model::Salmentak::Saioa hasi" xmi:id="_17-.wMIG.bE.e.u91.b1.jP.c.yWQ.g" xsi:type="uml:UseCase"/><publish:element name="Hasiera nodoa" publish:icon="-637202109_icon.png" publish:qualifiedname="Use Case Model::Salmentak::Saioa hasi::Saioa hasi::Hasiera nodoa" xmi:id="_2KCK.cIW.lE.e.u.j.x_Q.n.g.y.l0.iA" xsi:type="uml:InitialNode"/><publish:element name="Amaiera nodoa" publish:icon="1510280100_icon.png" publish:qualifiedname="Use Case Model::Salmentak::Saioa hasi::Saioa hasi::Amaiera nodoa" xmi:id="_7.z.r6.kIW.lE.e.u.j.x_Q.n.g.y.l0.iA" xsi:type="uml:ActivityFinalNode"/><publish:element name="Baliozko datuak?" publish:icon="1292177524_icon.png" publish:qualifiedname="Use Case Model::Salmentak::Saioa hasi::Saioa hasi::Baliozko datuak?" xmi:id="_U.lB.tQIW.mE.e.u.j.x_Q.n.g.y.l0.iA" xsi:type="uml:DecisionNode"/><publish:element name="Ez" publish:icon="268767467_icon.png" publish:qualifiedname="Use Case Model::Salmentak::Saioa hasi::Saioa hasi::Ez" xmi:id="_.g.l.nKQIW.mE.e.u.j.x_Q.n.g.y.l0.iA" xsi:type="uml:ControlFlow"/><publish:element name="Bai" publish:icon="268767467_icon.png" publish:qualifiedname="Use Case Model::Salmentak::Saioa hasi::Saioa hasi::Bai" xmi:id="_.iIH.e0IW.mE.e.u.j.x_Q.n.g.y.l0.iA" xsi:type="uml:ControlFlow"/><publish:element publish:icon="268767467_icon.png" publish:qualifiedname="Use Case Model::Salmentak::Saioa hasi::Saioa hasi::&lt;ControlFlow&gt;" xmi:id="_.l.y.g.s8IW.mE.e.u.j.x_Q.n.g.y.l0.iA" xsi:type="uml:ControlFlow"/><publish:element publish:icon="268767467_icon.png" publish:qualifiedname="Use Case Model::Salmentak::Saioa hasi::Saioa hasi::&lt;ControlFlow&gt;" xmi:id="_.tG.s.sQIW.mE.e.u.j.x_Q.n.g.y.l0.iA" xsi:type="uml:ControlFlow"/><publish:element publish:icon="268767467_icon.png" publish:qualifiedname="Use Case Model::Salmentak::Saioa hasi::Saioa hasi::&lt;ControlFlow&gt;" xmi:id="_.y.hM.w.oIW.nE.e.u.j.x_Q.n.g.y.l0.iA" xsi:type="uml:ControlFlow"/><publish:element publish:icon="268767467_icon.png" publish:qualifiedname="Use Case Model::Salmentak::Saioa hasi::Saioa hasi::&lt;ControlFlow&gt;" xmi:id="_01T.hQIW.nE.e.u.j.x_Q.n.g.y.l0.iA" xsi:type="uml:ControlFlow"/><publish:element publish:icon="268767467_icon.png" publish:qualifiedname="Use Case Model::Salmentak::Saioa hasi::Saioa hasi::&lt;ControlFlow&gt;" xmi:id="_G_.k5UIW.oE.e.u.j.x_Q.n.g.y.l0.iA" xsi:type="uml:ControlFlow"/><publish:element name="Salmentak kontsultatu" publish:icon="621088842_icon.png" publish:qualifiedname="Use Case Model::Salmentak::Salmentak kontsultatu" xmi:id="_M.m.i.c.kIG.cE.e.u91.b1.jP.c.yWQ.g" xsi:type="uml:UseCase"/><publish:element name="Hasiera nodoa" publish:icon="-637202109_icon.png" publish:qualifiedname="Use Case Model::Salmentak::Salmentak kontsultatu::Salmentak kontsultatu::Hasiera nodoa" xmi:id="_8.fFL.gIW.mE.e.u.j.x_Q.n.g.y.l0.iA" xsi:type="uml:InitialNode"/><publish:element name="Amaiera nodoa" publish:icon="1510280100_icon.png" publish:qualifiedname="Use Case Model::Salmentak::Salmentak kontsultatu::Salmentak kontsultatu::Amaiera nodoa" xmi:id="_-E_ZYIW.mE.e.u.j.x_Q.n.g.y.l0.iA" xsi:type="uml:ActivityFinalNode"/><publish:element name="BIlaketa filtroak erabili?" publish:icon="1292177524_icon.png" publish:qualifiedname="Use Case Model::Salmentak::Salmentak kontsultatu::Salmentak kontsultatu::BIlaketa filtroak erabili?" xmi:id="_.i.wL8.sIW.sE.e.u.j.x_Q.n.g.y.l0.iA" xsi:type="uml:DecisionNode"/><publish:element name="Datuak grafikoki ikusi?" publish:icon="1292177524_icon.png" publish:qualifiedname="Use Case Model::Salmentak::Salmentak kontsultatu::Salmentak kontsultatu::Datuak grafikoki ikusi?" xmi:id="_.w0N4IIW.sE.e.u.j.x_Q.n.g.y.l0.iA" xsi:type="uml:DecisionNode"/><publish:element name="Filtro zuzenak?" publish:icon="1292177524_icon.png" publish:qualifiedname="Use Case Model::Salmentak::Salmentak kontsultatu::Salmentak kontsultatu::Filtro zuzenak?" xmi:id="_U.e7BEIW.tE.e.u.j.x_Q.n.g.y.l0.iA" xsi:type="uml:DecisionNode"/><publish:element publish:icon="268767467_icon.png" publish:qualifiedname="Use Case Model::Salmentak::Salmentak kontsultatu::Salmentak kontsultatu::&lt;ControlFlow&gt;" xmi:id="_J.kG.hAIW.nE.e.u.j.x_Q.n.g.y.l0.iA" xsi:type="uml:ControlFlow"/><publish:element publish:icon="268767467_icon.png" publish:qualifiedname="Use Case Model::Salmentak::Salmentak kontsultatu::Salmentak kontsultatu::&lt;ControlFlow&gt;" xmi:id="_.k.sF.a8IW.nE.e.u.j.x_Q.n.g.y.l0.iA" xsi:type="uml:ControlFlow"/><publish:element publish:icon="268767467_icon.png" publish:qualifiedname="Use Case Model::Salmentak::Salmentak kontsultatu::Salmentak kontsultatu::&lt;ControlFlow&gt;" xmi:id="_.lTQ.v.sIW.nE.e.u.j.x_Q.n.g.y.l0.iA" xsi:type="uml:ControlFlow"/><publish:element publish:icon="268767467_icon.png" publish:qualifiedname="Use Case Model::Salmentak::Salmentak kontsultatu::Salmentak kontsultatu::&lt;ControlFlow&gt;" xmi:id="_.m.p.rJAIW.nE.e.u.j.x_Q.n.g.y.l0.iA" xsi:type="uml:ControlFlow"/><publish:element publish:icon="268767467_icon.png" publish:qualifiedname="Use Case Model::Salmentak::Salmentak kontsultatu::Salmentak kontsultatu::&lt;ControlFlow&gt;" xmi:id="_.oFR.yEIW.sE.e.u.j.x_Q.n.g.y.l0.iA" xsi:type="uml:ControlFlow"/><publish:element publish:icon="268767467_icon.png" publish:qualifiedname="Use Case Model::Salmentak::Salmentak kontsultatu::Salmentak kontsultatu::&lt;ControlFlow&gt;" xmi:id="_.y55.yQIW.sE.e.u.j.x_Q.n.g.y.l0.iA" xsi:type="uml:ControlFlow"/><publish:element name="Bai" publish:icon="268767467_icon.png" publish:qualifiedname="Use Case Model::Salmentak::Salmentak kontsultatu::Salmentak kontsultatu::Bai" xmi:id="_7.g.e.m.gIW.sE.e.u.j.x_Q.n.g.y.l0.iA" xsi:type="uml:ControlFlow"/><publish:element name="Ez" publish:icon="268767467_icon.png" publish:qualifiedname="Use Case Model::Salmentak::Salmentak kontsultatu::Salmentak kontsultatu::Ez" xmi:id="__LB.l.oIW.sE.e.u.j.x_Q.n.g.y.l0.iA" xsi:type="uml:ControlFlow"/><publish:element name="Ez" publish:icon="268767467_icon.png" publish:qualifiedname="Use Case Model::Salmentak::Salmentak kontsultatu::Salmentak kontsultatu::Ez" xmi:id="_EUL30IW.tE.e.u.j.x_Q.n.g.y.l0.iA" xsi:type="uml:ControlFlow"/><publish:element publish:icon="268767467_icon.png" publish:qualifiedname="Use Case Model::Salmentak::Salmentak kontsultatu::Salmentak kontsultatu::&lt;ControlFlow&gt;" xmi:id="_H.yY.dAIW.tE.e.u.j.x_Q.n.g.y.l0.iA" xsi:type="uml:ControlFlow"/><publish:element publish:icon="268767467_icon.png" publish:qualifiedname="Use Case Model::Salmentak::Salmentak kontsultatu::Salmentak kontsultatu::&lt;ControlFlow&gt;" xmi:id="_IW.k.vMIW.tE.e.u.j.x_Q.n.g.y.l0.iA" xsi:type="uml:ControlFlow"/><publish:element name="Bai" publish:icon="268767467_icon.png" publish:qualifiedname="Use Case Model::Salmentak::Salmentak kontsultatu::Salmentak kontsultatu::Bai" xmi:id="_Y.qZ.jAIW.tE.e.u.j.x_Q.n.g.y.l0.iA" xsi:type="uml:ControlFlow"/><publish:element name="Bai" publish:icon="268767467_icon.png" publish:qualifiedname="Use Case Model::Salmentak::Salmentak kontsultatu::Salmentak kontsultatu::Bai" xmi:id="_ZW.hCIIW.tE.e.u.j.x_Q.n.g.y.l0.iA" xsi:type="uml:ControlFlow"/><publish:element name="Ez" publish:icon="268767467_icon.png" publish:qualifiedname="Use Case Model::Salmentak::Salmentak kontsultatu::Salmentak kontsultatu::Ez" xmi:id="_.d1W.k8IW.tE.e.u.j.x_Q.n.g.y.l0.iA" xsi:type="uml:ControlFlow"/><publish:element publish:icon="268767467_icon.png" publish:qualifiedname="Use Case Model::Salmentak::Salmentak kontsultatu::Salmentak kontsultatu::&lt;ControlFlow&gt;" xmi:id="_.h.m.v.y8IW.tE.e.u.j.x_Q.n.g.y.l0.iA" xsi:type="uml:ControlFlow"/><publish:element name="Mezua bidali" publish:icon="621088842_icon.png" publish:qualifiedname="Use Case Model::Salmentak::Mezua bidali" xmi:id="_T.sB4.kIG.cE.e.u91.b1.jP.c.yWQ.g" xsi:type="uml:UseCase"/><publish:element name="Hasiera nodoa" publish:icon="-637202109_icon.png" publish:qualifiedname="Use Case Model::Salmentak::Mezua bidali::Mezua bidali::Hasiera nodoa" xmi:id="_PB.e6QIW.oE.e.u.j.x_Q.n.g.y.l0.iA" xsi:type="uml:InitialNode"/><publish:element name="Amaiera nodoa" publish:icon="1510280100_icon.png" publish:qualifiedname="Use Case Model::Salmentak::Mezua bidali::Mezua bidali::Amaiera nodoa" xmi:id="_QP.aF8IW.oE.e.u.j.x_Q.n.g.y.l0.iA" xsi:type="uml:ActivityFinalNode"/><publish:element name="Mezua eta kontaktuak egokiak?" publish:icon="1292177524_icon.png" publish:qualifiedname="Use Case Model::Salmentak::Mezua bidali::Mezua bidali::Mezua eta kontaktuak egokiak?" xmi:id="__UBQ8IW.pE.e.u.j.x_Q.n.g.y.l0.iA" xsi:type="uml:DecisionNode"/><publish:element publish:icon="-1174072989_icon.png" publish:qualifiedname="Use Case Model::Salmentak::Mezua bidali::Mezua bidali::&lt;MergeNode&gt;" xmi:id="_.f.x1AEIW.qE.e.u.j.x_Q.n.g.y.l0.iA" xsi:type="uml:MergeNode"/><publish:element publish:icon="268767467_icon.png" publish:qualifiedname="Use Case Model::Salmentak::Mezua bidali::Mezua bidali::&lt;ControlFlow&gt;" xmi:id="_Y.oJ5.kIW.oE.e.u.j.x_Q.n.g.y.l0.iA" xsi:type="uml:ControlFlow"/><publish:element publish:icon="268767467_icon.png" publish:qualifiedname="Use Case Model::Salmentak::Mezua bidali::Mezua bidali::&lt;ControlFlow&gt;" xmi:id="_0W.l.v.gIW.oE.e.u.j.x_Q.n.g.y.l0.iA" xsi:type="uml:ControlFlow"/><publish:element publish:icon="268767467_icon.png" publish:qualifiedname="Use Case Model::Salmentak::Mezua bidali::Mezua bidali::&lt;ControlFlow&gt;" xmi:id="_GQ71MIW.pE.e.u.j.x_Q.n.g.y.l0.iA" xsi:type="uml:ControlFlow"/><publish:element publish:icon="268767467_icon.png" publish:qualifiedname="Use Case Model::Salmentak::Mezua bidali::Mezua bidali::&lt;ControlFlow&gt;" xmi:id="_G.u.xA.sIW.pE.e.u.j.x_Q.n.g.y.l0.iA" xsi:type="uml:ControlFlow"/><publish:element publish:icon="268767467_icon.png" publish:qualifiedname="Use Case Model::Salmentak::Mezua bidali::Mezua bidali::&lt;ControlFlow&gt;" xmi:id="_QT.oCIIW.pE.e.u.j.x_Q.n.g.y.l0.iA" xsi:type="uml:ControlFlow"/><publish:element publish:icon="268767467_icon.png" publish:qualifiedname="Use Case Model::Salmentak::Mezua bidali::Mezua bidali::&lt;ControlFlow&gt;" xmi:id="_V.bTG.kIW.pE.e.u.j.x_Q.n.g.y.l0.iA" xsi:type="uml:ControlFlow"/><publish:element publish:icon="268767467_icon.png" publish:qualifiedname="Use Case Model::Salmentak::Mezua bidali::Mezua bidali::&lt;ControlFlow&gt;" xmi:id="_IECVEIW.qE.e.u.j.x_Q.n.g.y.l0.iA" xsi:type="uml:ControlFlow"/><publish:element name="Bai" publish:icon="268767467_icon.png" publish:qualifiedname="Use Case Model::Salmentak::Mezua bidali::Mezua bidali::Bai" xmi:id="_I.h.iJYIW.qE.e.u.j.x_Q.n.g.y.l0.iA" xsi:type="uml:ControlFlow"/><publish:element name="Ez" publish:icon="268767467_icon.png" publish:qualifiedname="Use Case Model::Salmentak::Mezua bidali::Mezua bidali::Ez" xmi:id="_K9F.l0IW.qE.e.u.j.x_Q.n.g.y.l0.iA" xsi:type="uml:ControlFlow"/><publish:element publish:icon="268767467_icon.png" publish:qualifiedname="Use Case Model::Salmentak::Mezua bidali::Mezua bidali::&lt;ControlFlow&gt;" xmi:id="_PQ.nQ.gIW.qE.e.u.j.x_Q.n.g.y.l0.iA" xsi:type="uml:ControlFlow"/><publish:element publish:icon="268767467_icon.png" publish:qualifiedname="Use Case Model::Salmentak::Mezua bidali::Mezua bidali::&lt;ControlFlow&gt;" xmi:id="_P.s.y2MIW.qE.e.u.j.x_Q.n.g.y.l0.iA" xsi:type="uml:ControlFlow"/><publish:element publish:icon="268767467_icon.png" publish:qualifiedname="Use Case Model::Salmentak::Mezua bidali::Mezua bidali::&lt;ControlFlow&gt;" xmi:id="_VV9.eIIW.qE.e.u.j.x_Q.n.g.y.l0.iA" xsi:type="uml:ControlFlow"/><publish:element name="Gerentea" publish:icon="218435664_icon.png" publish:qualifiedname="Use Case Model::Salmentak::Gerentea" xmi:id="_.a.lW.rYIG.dE.e.u91.b1.jP.c.yWQ.g" xsi:type="uml:Actor"/><publish:element name="Kontu ekonomikoak begiratu" publish:icon="621088842_icon.png" publish:qualifiedname="Use Case Model::Salmentak::Kontu ekonomikoak begiratu" xmi:id="_.wH.s.y.gIG.dE.e.u91.b1.jP.c.yWQ.g" xsi:type="uml:UseCase"/><publish:element name="Hasiera nodoa" publish:icon="-637202109_icon.png" publish:qualifiedname="Use Case Model::Salmentak::Kontu ekonomikoak begiratu::Kontu ekonomikoak begiratu::Hasiera nodoa" xmi:id="_.j.cMS.oIW.iE.e.u.j.x_Q.n.g.y.l0.iA" xsi:type="uml:InitialNode"/><publish:element name="Amaiera nodoa" publish:icon="1510280100_icon.png" publish:qualifiedname="Use Case Model::Salmentak::Kontu ekonomikoak begiratu::Kontu ekonomikoak begiratu::Amaiera nodoa" xmi:id="_.l.j.e.vQIW.iE.e.u.j.x_Q.n.g.y.l0.iA" xsi:type="uml:ActivityFinalNode"/><publish:element publish:icon="1292177524_icon.png" publish:qualifiedname="Use Case Model::Salmentak::Kontu ekonomikoak begiratu::Kontu ekonomikoak begiratu::&lt;DecisionNode&gt;" xmi:id="_MQW.o.sIW.jE.e.u.j.x_Q.n.g.y.l0.iA" xsi:type="uml:DecisionNode"/><publish:element name="Datuak grafikoki erakutsi?" publish:icon="1292177524_icon.png" publish:qualifiedname="Use Case Model::Salmentak::Kontu ekonomikoak begiratu::Kontu ekonomikoak begiratu::Datuak grafikoki erakutsi?" xmi:id="_3.cZX8IW.qE.e.u.j.x_Q.n.g.y.l0.iA" xsi:type="uml:DecisionNode"/><publish:element name="Datuak grafikoki ikusi?" publish:icon="-1174072989_icon.png" publish:qualifiedname="Use Case Model::Salmentak::Kontu ekonomikoak begiratu::Kontu ekonomikoak begiratu::Datuak grafikoki ikusi?" xmi:id="_U8.qX4IW.rE.e.u.j.x_Q.n.g.y.l0.iA" xsi:type="uml:MergeNode"/><publish:element name="Datuak grafikoki ikusi?" publish:icon="1292177524_icon.png" publish:qualifiedname="Use Case Model::Salmentak::Kontu ekonomikoak begiratu::Kontu ekonomikoak begiratu::Datuak grafikoki ikusi?" xmi:id="_.j99M0IW.rE.e.u.j.x_Q.n.g.y.l0.iA" xsi:type="uml:DecisionNode"/><publish:element publish:icon="268767467_icon.png" publish:qualifiedname="Use Case Model::Salmentak::Kontu ekonomikoak begiratu::Kontu ekonomikoak begiratu::&lt;ControlFlow&gt;" xmi:id="_P0WT4IW.jE.e.u.j.x_Q.n.g.y.l0.iA" xsi:type="uml:ControlFlow"/><publish:element publish:icon="268767467_icon.png" publish:qualifiedname="Use Case Model::Salmentak::Kontu ekonomikoak begiratu::Kontu ekonomikoak begiratu::&lt;ControlFlow&gt;" xmi:id="_QV.u.i.oIW.jE.e.u.j.x_Q.n.g.y.l0.iA" xsi:type="uml:ControlFlow"/><publish:element publish:icon="268767467_icon.png" publish:qualifiedname="Use Case Model::Salmentak::Kontu ekonomikoak begiratu::Kontu ekonomikoak begiratu::&lt;ControlFlow&gt;" xmi:id="_Q1.w.t.kIW.jE.e.u.j.x_Q.n.g.y.l0.iA" xsi:type="uml:ControlFlow"/><publish:element publish:icon="268767467_icon.png" publish:qualifiedname="Use Case Model::Salmentak::Kontu ekonomikoak begiratu::Kontu ekonomikoak begiratu::&lt;ControlFlow&gt;" xmi:id="_.sH4.a8IW.jE.e.u.j.x_Q.n.g.y.l0.iA" xsi:type="uml:ControlFlow"/><publish:element publish:icon="268767467_icon.png" publish:qualifiedname="Use Case Model::Salmentak::Kontu ekonomikoak begiratu::Kontu ekonomikoak begiratu::&lt;ControlFlow&gt;" xmi:id="_L1.a.j.sIW.kE.e.u.j.x_Q.n.g.y.l0.iA" xsi:type="uml:ControlFlow"/><publish:element publish:icon="268767467_icon.png" publish:qualifiedname="Use Case Model::Salmentak::Kontu ekonomikoak begiratu::Kontu ekonomikoak begiratu::&lt;ControlFlow&gt;" xmi:id="_.sWFZ.kIW.kE.e.u.j.x_Q.n.g.y.l0.iA" xsi:type="uml:ControlFlow"/><publish:element publish:icon="268767467_icon.png" publish:qualifiedname="Use Case Model::Salmentak::Kontu ekonomikoak begiratu::Kontu ekonomikoak begiratu::&lt;ControlFlow&gt;" xmi:id="_0NRYQIW.kE.e.u.j.x_Q.n.g.y.l0.iA" xsi:type="uml:ControlFlow"/><publish:element publish:icon="268767467_icon.png" publish:qualifiedname="Use Case Model::Salmentak::Kontu ekonomikoak begiratu::Kontu ekonomikoak begiratu::&lt;ControlFlow&gt;" xmi:id="_V.xRE.oIW.rE.e.u.j.x_Q.n.g.y.l0.iA" xsi:type="uml:ControlFlow"/><publish:element publish:icon="268767467_icon.png" publish:qualifiedname="Use Case Model::Salmentak::Kontu ekonomikoak begiratu::Kontu ekonomikoak begiratu::&lt;ControlFlow&gt;" xmi:id="_WQ.tZ.sIW.rE.e.u.j.x_Q.n.g.y.l0.iA" xsi:type="uml:ControlFlow"/><publish:element publish:icon="268767467_icon.png" publish:qualifiedname="Use Case Model::Salmentak::Kontu ekonomikoak begiratu::Kontu ekonomikoak begiratu::&lt;ControlFlow&gt;" xmi:id="_.mQ.kI.oIW.rE.e.u.j.x_Q.n.g.y.l0.iA" xsi:type="uml:ControlFlow"/><publish:element name="Ez" publish:icon="268767467_icon.png" publish:qualifiedname="Use Case Model::Salmentak::Kontu ekonomikoak begiratu::Kontu ekonomikoak begiratu::Ez" xmi:id="_.qO8.p.wIW.rE.e.u.j.x_Q.n.g.y.l0.iA" xsi:type="uml:ControlFlow"/><publish:element name="Bai" publish:icon="268767467_icon.png" publish:qualifiedname="Use Case Model::Salmentak::Kontu ekonomikoak begiratu::Kontu ekonomikoak begiratu::Bai" xmi:id="_.y.kP.g.wIW.rE.e.u.j.x_Q.n.g.y.l0.iA" xsi:type="uml:ControlFlow"/><publish:element publish:icon="268767467_icon.png" publish:qualifiedname="Use Case Model::Salmentak::Kontu ekonomikoak begiratu::Kontu ekonomikoak begiratu::&lt;ControlFlow&gt;" xmi:id="_.zOH.kMIW.rE.e.u.j.x_Q.n.g.y.l0.iA" xsi:type="uml:ControlFlow"/><publish:element publish:icon="1292177528_icon.png" publish:qualifiedname="Use Case Model::Salmentak::&lt;Association&gt;" xmi:id="_4.eWUYIG.dE.e.u91.b1.jP.c.yWQ.g" xsi:type="uml:Association"/><publish:element publish:icon="1292177528_icon.png" publish:qualifiedname="Use Case Model::Salmentak::&lt;Association&gt;" xmi:id="_5KX.s4IG.dE.e.u91.b1.jP.c.yWQ.g" xsi:type="uml:Association"/><publish:element publish:icon="1292177528_icon.png" publish:qualifiedname="Use Case Model::Salmentak::&lt;Association&gt;" xmi:id="_5.mT.a8IG.dE.e.u91.b1.jP.c.yWQ.g" xsi:type="uml:Association"/><publish:element publish:icon="1292177528_icon.png" publish:qualifiedname="Use Case Model::Salmentak::&lt;Association&gt;" xmi:id="_5-79YIG.dE.e.u91.b1.jP.c.yWQ.g" xsi:type="uml:Association"/></publish:elements>