<?xml version="1.0" encoding="UTF-8"?><packagedElement name="Versatile Actors" xmlns:publish="http://www.ibm.com/Rational/XTools/Publish" publish:diagramFormat="PNG" publish:icon="-1190850955_icon.png" publish:modelname="Use Case Model" publish:qualifiedname="Use Case Model::Versatile Actors" publish:sortOrder="alphabetical" publish:toplevelguid="_.t9.t5IIG.bE.e.u91.b1.jP.c.yWQ.g" xmlns:xmi="http://www.omg.org/XMI" xmi:id="_.t9.t5.nYG.bE.e.u91.b1.jP.c.yWQ.g" xmi:version="2.0" xmlns:com.ibm.xtools.notation="http:///com/ibm/xtools/notation.ecore" xmlns:uml="http://www.eclipse.org/uml2/1.0.0/UML" xmlns:xsi="http://www.w3.org/2001/XMLSchema-instance" xsi:type="uml:Package"><publish:properties><publish:property canonicalName="Alias" name="Alias" publish:category="UML"/><publish:property canonicalName="Stereotype" name="Estereotipo" publish:category="UML"/><publish:property canonicalName="name" name="Name" publish:category="UML" publish:value="Versatile Actors"/><publish:property canonicalName="nameExpression" name="Name Expression" publish:category="UML"/><publish:property canonicalName="namespace" name="Namespace" publish:category="UML" publish:ismodellink="true" publish:value="Use Case Model" xmi:id="_.t9.t5IIG.bE.e.u91.b1.jP.c.yWQ.g"/><publish:property canonicalName="nestingPackage" name="Nesting Package" publish:category="UML" publish:ismodellink="true" publish:value="Use Case Model" xmi:id="_.t9.t5IIG.bE.e.u91.b1.jP.c.yWQ.g"/><publish:property canonicalName="ownedTemplateSignature" name="Owned Template Signature" publish:category="UML"/><publish:property canonicalName="owner" name="Owner" publish:category="UML" publish:ismodellink="true" publish:value="Use Case Model" xmi:id="_.t9.t5IIG.bE.e.u91.b1.jP.c.yWQ.g"/><publish:property canonicalName="owningTemplateParameter" name="Owning Template Parameter" publish:category="UML"/><publish:property canonicalName="Keywords" name="Palabras clave" publish:category="UML"/><publish:property canonicalName="qualifiedName" name="Qualified Name" publish:category="UML" publish:value="Use Case Model::Versatile Actors"/><publish:property canonicalName="templateParameter" name="Template Parameter" publish:category="UML"/><publish:property canonicalName="visibility" name="Visibility" publish:category="UML" publish:value="Public"/></publish:properties><contents Type="Usecase" isDefault="true" name="Versatile Actors" publish:icon="1862603089_icon.png" publish:imageType="PNG" publish:qualifiedname="Use Case Model::Versatile Actors::Versatile Actors" xmi:id="_.t9.t5.n4G.bE.e.u91.b1.jP.c.yWQ.g" xsi:type="notation:Diagram"><publish:properties><publish:property canonicalName="pageHeight" name="Altura de página" publish:category="Ver" publish:value="100"/><publish:property canonicalName="pageWidth" name="Anchura de página" publish:category="Ver" publish:value="100"/><publish:property canonicalName="description" name="Descripción" publish:category="Ver"/><publish:property canonicalName="linkLayout" name="Diseño de enlace" publish:category="Ver" publish:value="Ninguno"/><publish:property canonicalName="labelLayout" name="Diseño de etiqueta" publish:category="Ver" publish:value="Ninguno"/><publish:property canonicalName="graphLayout" name="Diseño de gráfico" publish:category="Ver" publish:value="VerticalOrtogonalJerárquico"/><publish:property canonicalName="styles" name="Estilos" publish:category="Ver"/><publish:property canonicalName="name" name="Nombre" publish:category="Ver" publish:value="Versatile Actors"/><publish:property canonicalName="pageX" name="Página X" publish:category="Ver" publish:value="0"/><publish:property canonicalName="pageY" name="Página Y" publish:category="Ver" publish:value="0"/><publish:property canonicalName="measurementUnit" name="Unidad de medida" publish:category="Ver" publish:value="Himetric"/><publish:property canonicalName="useAliasName" name="Utilizar nombre de alias" publish:category="Ver" publish:value="false"/></publish:properties></contents></packagedElement>