<?xml version="1.0" encoding="UTF-8"?><publish:diagrams xmlns:publish="http://www.ibm.com/Rational/XTools/Publish" xmlns:xmi="http://www.omg.org/XMI"><publish:diagram name="Salmentak Use Cases" publish:icon="1862603089_icon.png" publish:qualifiedname="Use Case Model::Salmentak::Salmentak Use Cases" xmi:id="_1R.qA0.oG.bE.e.u91.b1.jP.c.yWQ.g"/><publish:diagram name="Saioa hasi Activity Diagram" publish:icon="486871325_icon.png" publish:qualifiedname="Use Case Model::Salmentak::Saioa hasi::Saioa hasi::Saioa hasi Activity Diagram" xmi:id="_17-.wM4G.bE.e.u91.b1.jP.c.yWQ.g"/><publish:diagram name="Salmentak kontsultatu Activity Diagram" publish:icon="486871325_icon.png" publish:qualifiedname="Use Case Model::Salmentak::Salmentak kontsultatu::Salmentak kontsultatu::Salmentak kontsultatu Activity Diagram" xmi:id="_M.m.i.c.k4G.cE.e.u91.b1.jP.c.yWQ.g"/><publish:diagram name="Mezua bidali Activity Diagram" publish:icon="486871325_icon.png" publish:qualifiedname="Use Case Model::Salmentak::Mezua bidali::Mezua bidali::Mezua bidali Activity Diagram" xmi:id="_T.sB4.k4G.cE.e.u91.b1.jP.c.yWQ.g"/><publish:diagram name="Kontu ekonomikoak begiratu Activity Diagram" publish:icon="486871325_icon.png" publish:qualifiedname="Use Case Model::Salmentak::Kontu ekonomikoak begiratu::Kontu ekonomikoak begiratu::Kontu ekonomikoak begiratu Activity Diagram" xmi:id="_.wH.s.y.g4G.dE.e.u91.b1.jP.c.yWQ.g"/><publish:diagram name="Versatile Actors" publish:icon="1862603089_icon.png" publish:qualifiedname="Use Case Model::Versatile Actors::Versatile Actors" xmi:id="_.t9.t5.n4G.bE.e.u91.b1.jP.c.yWQ.g"/><publish:diagram name="${project} Use Case Overview" publish:icon="-1945825690_icon.png" publish:qualifiedname="Use Case Model::${project} Use Case Overview" xmi:id="_.t9.t5I.oG.bE.e.u91.b1.jP.c.yWQ.g"/><publish:diagram name="Instructions" publish:icon="1980042712_icon.png" publish:qualifiedname="Use Case Model::Instructions" xmi:id="_.t9.t5M4G.bE.e.u91.b1.jP.c.yWQ.g"/><publish:diagram name="Overviews" publish:icon="1980042712_icon.png" publish:qualifiedname="Use Case Model::Overviews::Overviews" xmi:id="_.t9.t5.q.oG.bE.e.u91.b1.jP.c.yWQ.g"/><publish:diagram name="Actors Overview" publish:icon="1862603089_icon.png" publish:qualifiedname="Use Case Model::Overviews::Actors Overview" xmi:id="_.t9.t5.xYG.bE.e.u91.b1.jP.c.yWQ.g"/><publish:diagram name="Context Diagram" publish:icon="1862603089_icon.png" publish:qualifiedname="Use Case Model::Overviews::Context Diagram" xmi:id="_.t9.u.gNIG.bE.e.u91.b1.jP.c.yWQ.g"/></publish:diagrams>